{"cameraMode":{"drawMode":0,"name":"Shaded","section":"Shading Mode"},"sceneLighting":true,"audioPlay":false,"sceneViewState":{"showFog":true,"showMaterialUpdate":true,"showSkybox":true,"showFlares":true,"showImageEffects":true,"showParticleSystems":true},"in2DMode":false,"pivot":{"x":0.24250531196594239,"y":-1.784672498703003,"z":-4.750679016113281},"rotation":{"x":-0.23182693123817445,"y":0.1931241899728775,"z":-0.04701721668243408,"w":-0.9522368907928467},"size":13.819771766662598,"orthographic":false}